id|title|description|url
1|Primer Mes|Lorem ipsum dolor sit amet, consectetur adipiscing elit. Sed eu euismod lacus. Suspendisse in efficitur tellus. Aenean sed convallis ex. Donec interdum faucibus urna. Aenean hendrerit laoreet neque eu lacinia. Donec quis dolor ex. Nunc maximus ligula nec purus scelerisque pulvinar. Sed quis auctor tellus. Sed sed sem vel ipsum dignissim convallis ac non magna. Vestibulum dapibus, est eu hendrerit pretium, enim urna pulvinar justo, nec sollicitudin ligula libero at lorem.|assets/images/1.JPG
2|Segundo Mes| lorem ipsum|assets/images/2.JPG
3|Tercer Mes| lorem ipsum|assets/images/3.JPG
4|Cuarto Mes|lorem ipsum|assets/images/4.jpg
5|Quinto Mes|lorem ipsum|assets/images/5.jpeg
6|Sexto Mes|lorem ipsum|assets/images/6.jpeg
7|Septimo Mes|lorem ipsum| assets/images/7.jpg
8|Octavo Mes|lorem ipsum| assets/images/8.jpg
9|Noveno Mes|lorem ipsum|assets/images/9.JPG
10|Decimo Mes|lorem ipsum|assets/images/10.JPG
11|Undecimo Mes|lorem ipsum|assets/images/11.JPG
12|Duodecimo Mes|lorem ipsum|assets/images/12.jpeg